"OBJECTID","TABLE_NAME","FK_TABLE_ID","ENG_LEVEL","LEVEL_DATE","CREATED_USER","CREATED_DATE","LAST_EDITED_USER","LAST_EDITED_DATE","DESCRIPTION"
2584,"RISK_REGISTER","PPM-1","Level 1",01-MAR-21 12.00.00.000000000 AM,"",,"",,"Identified during feasibility"
2585,"RISK_REGISTER","PPM-1","Level 2",30-JUL-21 12.00.00.000000000 AM,"",,"",,"Escalated issue to RECON Team"
2586,"RISK_REGISTER","PPM-1","Level 3",19-OCT-21 12.00.00.000000000 AM,"",,"",,"Escalated to ELT for issue resolution"
2577,"RISK_REGISTER","TEST-2","Level 3",19-DEC-21 12.00.00.000000000 AM,"",,"BRANDONROAD",28-DEC-21 09.11.12.000000000 PM,"test"
2272,"RISK_REGISTER","TEST-2","Level 2",12-DEC-21 12.00.00.000000000 AM,"",,"BRANDONROAD",28-DEC-21 09.11.12.000000000 PM,"test"
2271,"RISK_REGISTER","TEST-2","Level 1",05-DEC-21 12.00.00.000000000 AM,"",,"BRANDONROAD",28-DEC-21 09.11.12.000000000 PM,"test"
990,"RISK_REGISTER","PPM-2","Level 1",02-SEP-21 12.00.00.000000000 AM,"",,"BRANDONROAD",28-SEP-21 03.01.38.000000000 PM,"2 Sep. date reflects the day entered into the system"
991,"RISK_REGISTER","CA-2","Level 1",03-SEP-21 12.00.00.000000000 AM,"",,"BRANDONROAD",28-SEP-21 03.01.38.000000000 PM,"Initial risk upload"
21,"RISK_REGISTER","TR-7","Level 1",19-JUL-21 01.32.31.000000000 PM,"BRANDONROAD",19-JUL-21 04.55.09.000000000 PM,"BRANDONROAD",28-SEP-21 03.01.38.000000000 PM,"Initial Upload"
22,"RISK_REGISTER","TR-9","Level 1",19-JUL-21 01.32.32.000000000 PM,"BRANDONROAD",19-JUL-21 04.55.09.000000000 PM,"BRANDONROAD",28-SEP-21 03.01.38.000000000 PM,"Initial Upload"
23,"RISK_REGISTER","TR-9a","Level 1",19-JUL-21 01.32.33.000000000 PM,"BRANDONROAD",19-JUL-21 04.55.09.000000000 PM,"BRANDONROAD",28-SEP-21 03.01.38.000000000 PM,"Initial Upload"
24,"RISK_REGISTER","TR-9b","Level 1",19-JUL-21 01.32.34.000000000 PM,"BRANDONROAD",19-JUL-21 04.55.09.000000000 PM,"BRANDONROAD",28-SEP-21 03.01.38.000000000 PM,"Initial Upload"
25,"RISK_REGISTER","TR-9h","Level 1",19-JUL-21 01.32.35.000000000 PM,"BRANDONROAD",19-JUL-21 04.55.09.000000000 PM,"BRANDONROAD",28-SEP-21 03.01.38.000000000 PM,"Initial Upload"
26,"RISK_REGISTER","TR-9c","Level 1",19-JUL-21 01.32.36.000000000 PM,"BRANDONROAD",19-JUL-21 04.55.09.000000000 PM,"BRANDONROAD",28-SEP-21 03.01.38.000000000 PM,"Initial Upload"
27,"RISK_REGISTER","TR-9d","Level 1",19-JUL-21 01.32.37.000000000 PM,"BRANDONROAD",19-JUL-21 04.55.09.000000000 PM,"BRANDONROAD",28-SEP-21 03.01.38.000000000 PM,"Initial Upload"
28,"RISK_REGISTER","TR-9e","Level 1",19-JUL-21 01.32.38.000000000 PM,"BRANDONROAD",19-JUL-21 04.55.09.000000000 PM,"BRANDONROAD",28-SEP-21 03.01.38.000000000 PM,"Initial Upload"
29,"RISK_REGISTER","TR-9g","Level 1",19-JUL-21 01.32.39.000000000 PM,"BRANDONROAD",19-JUL-21 04.55.09.000000000 PM,"BRANDONROAD",28-SEP-21 03.01.38.000000000 PM,"Initial Upload"
30,"RISK_REGISTER","TR-9f","Level 1",19-JUL-21 01.32.40.000000000 PM,"BRANDONROAD",19-JUL-21 04.55.09.000000000 PM,"BRANDONROAD",28-SEP-21 03.01.38.000000000 PM,"Initial Upload"
31,"RISK_REGISTER","TR-11","Level 1",19-JUL-21 01.32.41.000000000 PM,"BRANDONROAD",19-JUL-21 04.55.09.000000000 PM,"BRANDONROAD",28-SEP-21 03.01.38.000000000 PM,"Initial Upload"
32,"RISK_REGISTER","TR-17","Level 1",19-JUL-21 01.32.42.000000000 PM,"BRANDONROAD",19-JUL-21 04.55.09.000000000 PM,"BRANDONROAD",28-SEP-21 03.01.38.000000000 PM,"Initial Upload"
33,"RISK_REGISTER","TR-18","Level 1",19-JUL-21 01.32.43.000000000 PM,"BRANDONROAD",19-JUL-21 04.55.09.000000000 PM,"BRANDONROAD",28-SEP-21 03.01.38.000000000 PM,"Initial Upload"
36,"RISK_REGISTER","TR-19","Level 1",19-JUL-21 01.32.46.000000000 PM,"BRANDONROAD",19-JUL-21 04.55.09.000000000 PM,"BRANDONROAD",28-SEP-21 03.01.38.000000000 PM,"Initial Upload"
37,"RISK_REGISTER","TR-20","Level 1",19-JUL-21 01.32.47.000000000 PM,"BRANDONROAD",19-JUL-21 04.55.09.000000000 PM,"BRANDONROAD",28-SEP-21 03.01.38.000000000 PM,"Initial Upload"
1297,"RISK_REGISTER","CA-4","Level 1",22-JUL-21 12.00.00.000000000 AM,"",,"BRANDONROAD",28-SEP-21 03.01.38.000000000 PM,"Initial upload"
1298,"RISK_REGISTER","CA-5","Level 1",22-JUL-21 12.00.00.000000000 AM,"",,"BRANDONROAD",28-SEP-21 03.01.38.000000000 PM,"Initial upload"
1299,"RISK_REGISTER","TR-6e","Level 1",22-JUL-21 12.00.00.000000000 AM,"",,"BRANDONROAD",28-SEP-21 03.01.38.000000000 PM,"Initial upload"
1300,"RISK_REGISTER","TR-6g","Level 1",22-JUL-21 12.00.00.000000000 AM,"",,"BRANDONROAD",28-SEP-21 03.01.38.000000000 PM,"Initial upload"
1302,"RISK_REGISTER","TR-8","Level 1",22-JUL-21 12.00.00.000000000 AM,"",,"BRANDONROAD",28-SEP-21 03.01.38.000000000 PM,"Initial upload"
1303,"RISK_REGISTER","TR-10","Level 1",22-JUL-21 12.00.00.000000000 AM,"",,"BRANDONROAD",28-SEP-21 03.01.38.000000000 PM,"Initial upload"
1305,"RISK_REGISTER","REGEN-1","Level 1",22-JUL-21 12.00.00.000000000 AM,"",,"BRANDONROAD",28-SEP-21 03.01.38.000000000 PM,"Initial Upload"
1306,"RISK_REGISTER","EN-1","Level 1",22-JUL-21 12.00.00.000000000 AM,"",,"BRANDONROAD",28-SEP-21 03.01.38.000000000 PM,"Initial upload"
1307,"RISK_REGISTER","RE-1","Level 1",22-JUL-21 12.00.00.000000000 AM,"",,"BRANDONROAD",28-SEP-21 03.01.38.000000000 PM,"Initial upload"
1308,"RISK_REGISTER","RE-2","Level 1",29-JUL-21 12.00.00.000000000 AM,"",,"BRANDONROAD",28-SEP-21 03.01.38.000000000 PM,"Initial Upload"
989,"RISK_REGISTER","CA-1","Level 1",02-SEP-21 03.05.57.000000000 PM,"",,"BRANDONROAD",28-SEP-21 03.01.38.000000000 PM,"Initial Upload"
987,"RISK_REGISTER","TR-13","Level 1",19-JUL-21 09.52.55.000000000 AM,"",,"BRANDONROAD",28-SEP-21 03.01.38.000000000 PM,"Initial Upload"
1309,"RISK_REGISTER","OPP-1","Level 1",22-SEP-21 12.00.00.000000000 AM,"BRANDONROAD",22-SEP-21 06.14.06.000000000 PM,"BRANDONROAD",12-OCT-21 08.37.17.000000000 PM,"Initial Upload"
34,"RISK_REGISTER","TR-18a","Level 1",19-JUL-21 01.32.44.000000000 PM,"BRANDONROAD",19-JUL-21 04.55.09.000000000 PM,"BRANDONROAD",22-OCT-21 04.05.06.000000000 PM,"Initial Upload"
35,"RISK_REGISTER","TR-18b","Level 1",19-JUL-21 01.32.45.000000000 PM,"BRANDONROAD",19-JUL-21 04.55.09.000000000 PM,"BRANDONROAD",22-OCT-21 04.05.06.000000000 PM,"Initial Upload"
1,"RISK_REGISTER","TR-1a","Level 1",19-JUL-21 09.52.55.000000000 AM,"BRANDONROAD",19-JUL-21 02.46.14.000000000 PM,"BRANDONROAD",22-OCT-21 04.05.06.000000000 PM,"Initial Upload"
18,"RISK_REGISTER","TR-1c","Level 1",19-JUL-21 01.32.27.000000000 PM,"BRANDONROAD",19-JUL-21 04.55.09.000000000 PM,"BRANDONROAD",22-OCT-21 04.05.06.000000000 PM,"Initial Upload"
19,"RISK_REGISTER","TR-1d","Level 1",19-JUL-21 01.32.26.000000000 PM,"BRANDONROAD",19-JUL-21 04.55.09.000000000 PM,"BRANDONROAD",22-OCT-21 04.05.06.000000000 PM,"Initial Upload"
1301,"RISK_REGISTER","TR-6f","Level 1",22-JUL-21 12.00.00.000000000 AM,"",,"BRANDONROAD",22-OCT-21 04.05.06.000000000 PM,"Initial upload"
20,"RISK_REGISTER","TR-6h","Level 1",19-JUL-21 01.32.30.000000000 PM,"BRANDONROAD",19-JUL-21 04.55.09.000000000 PM,"BRANDONROAD",22-OCT-21 04.05.06.000000000 PM,"Initial Upload"
992,"RISK_REGISTER","CA-3","Level 1",22-JUL-21 12.00.00.000000000 AM,"",,"BRANDONROAD",28-SEP-21 03.02.28.000000000 PM,"Initial Upload"
2265,"RISK_REGISTER","TR-21","Level 1",30-JUL-21 12.00.00.000000000 AM,"",,"",,"initial Upload"
2266,"RISK_REGISTER","TR-22","Level 1",04-OCT-21 12.00.00.000000000 AM,"",,"",,"Initial upload"
2267,"RISK_REGISTER","REGEN-2","Level 1",19-JUL-21 12.00.00.000000000 AM,"",,"",,"Initial upload"
2268,"RISK_REGISTER","REGEN-8","Level 1",13-OCT-21 12.00.00.000000000 AM,"",,"",,"Initial upload"
2269,"RISK_REGISTER","REGEN-9","Level 1",13-OCT-21 12.00.00.000000000 AM,"",,"",,"Initial upload"
2270,"RISK_REGISTER","OPP-2","Level 1",22-JUL-21 12.00.00.000000000 AM,"",,"",,"Initial Upload"
